--
-- Table structure for table `pokemon`
--

DROP TABLE IF EXISTS `pokemon`;

CREATE TABLE `pokemon` (
  `numero_pokedex` int NOT NULL AUTO_INCREMENT,
  `nombre` varchar(15) NOT NULL,
  `peso` double NOT NULL,
  `altura` double NOT NULL,
  PRIMARY KEY (`numero_pokedex`)
);

--
-- Dumping data for table `pokemon`
--

INSERT INTO `pokemon` (`numero_pokedex`, `nombre`, `peso`, `altura`) VALUES (1,'Bulbasaur',6.9,0.7),(2,'Ivysaur',13,1),(3,'Venasaur',100,2),(4,'Charmander',8.5,0.6),(5,'Charmeleon',19,1.1),(6,'Charizard',90.5,1.7),(7,'Squirtle',9,0.5),(8,'Wartortle',22.5,1),(9,'Blastoise',85.5,1.6),(10,'Caperpie',2.9,0.3),(11,'Metapod',9.9,0.7),(12,'Butterfree',32,1.1),(13,'Weedle',3.2,0.3),(14,'Kakuna',10,0.6),(15,'Beedrill',29.5,1),(16,'Pidgey',1.8,0.3),(17,'Pidgeotto',30,1.1),(18,'Pidgeot',39.5,1.5),(19,'Rattata',3.5,0.3),(20,'Raticate',18.5,0.7),(21,'Spearow',2,0.3),(22,'Fearow',38,1.2),(23,'Ekans',6.9,2),(24,'Arbok',65,3.5),(25,'Pikachu',6,0.4),(26,'Raichu',30,0.8),(27,'Sandshrew',12,0.6),(28,'Sandslash',29.5,1),(29,'NidoranÔÖÇ',7,0.4),(30,'Nidorina',20,0.8),(31,'Nidoqueen',60,1.3),(32,'NidoranÔÖé',9,0.5),(33,'Nidorino',19.5,0.9),(34,'Nidoking',62,1.4),(35,'Clefairy',7.5,0.6),(36,'Clefable',40,1.3),(37,'Vulpix',9.9,0.6),(38,'Ninetales',19.9,1.1),(39,'Jigglypuff',5.5,0.5),(40,'Wigglytuff',12,1),(41,'Zubat',7.5,0.8),(42,'Golbat',55,1.6),(43,'Oddish',5.4,0.5),(44,'Gloom',8.6,0.8),(45,'Vileplume',18.6,1.2),(46,'Paras',5.4,0.3),(47,'Parasect',29.5,1),(48,'Venonat',30,1),(49,'Venomoth',12.5,1.5),(50,'Digglet',0.8,0.2),(51,'Dugtrio',33.3,0.7),(52,'Meowth',4.2,0.4),(53,'Persian',32,1),(54,'Psyduck',19.6,0.8),(55,'Golduck',76.6,1.7),(56,'Mankey',28,0.5),(57,'Primeape',32,1),(58,'Growlithe',19,0.7),(59,'Arcanine',155,1.9),(60,'Poliwag',12.4,0.6),(61,'Poliwhirl',20,1),(62,'Poliwrath',54,1.3),(63,'Abra',19.5,0.9),(64,'Kadabra',56.5,1.3),(65,'Alakazam',48,1.5),(66,'Machop',19.5,0.8),(67,'Mackoke',70.5,1.5),(68,'Machamp',130,1.6),(69,'Bellsprout',4,0.7),(70,'Weepinbell',6.4,1),(71,'Victreebel',15.5,1.7),(72,'Tentacool',45.5,0.9),(73,'Tentacruel',55,1.6),(74,'Geodude',20,0.4),(75,'Graveler',105,1),(76,'Golem',300,1.4),(77,'Ponyta',30,1),(78,'Rapidash',95,1.7),(79,'Slowpoke',36,1.2),(80,'Slowbro',78.5,1.6),(81,'Magnemite',6,0.3),(82,'Magneton',60,1),(83,'Farfetch\'d',15,0.8),(84,'Doduo',39.2,1.4),(85,'Dodrio',85.2,1.8),(86,'Seel',90,1.1),(87,'Dewgong',120,1.7),(88,'Grimer',30,0.9),(89,'Muk',30,1.2),(90,'Shellder',4,0.3),(91,'Cloyster',132.5,1.5),(92,'Gastly',0.1,1.3),(93,'Haunter',0.1,1.6),(94,'Gengar',40.5,1.5),(95,'Onix',210,8.8),(96,'Drowzee',32.4,1),(97,'Hypno',75.6,1.6),(98,'Krabby',6.5,0.4),(99,'Kingler',60,1.3),(100,'Voltorb',10.4,0.5),(101,'Electrode',66.6,1.2),(102,'Exeggcute',2.5,0.4),(103,'Exeggutor',120,2),(104,'Cubone',6.5,0.4),(105,'Marowak',45,1),(106,'Hitmonlee',49.8,1.5),(107,'Hitmonchan',50.2,1.4),(108,'Lickitung',65,1.2),(109,'Koffing',1,0.6),(110,'Weezing',9.5,1.2),(111,'Rhyhorn',115,1),(112,'Rhydon',120,1.9),(113,'Chansey',34.6,1.1),(114,'Tangela',35,1),(115,'Kangaskhan',80,2.2),(116,'Horsea',8,0.4),(117,'Seadra',25,1.2),(118,'Goldeen',15,0.6),(119,'Seaking',39,1.3),(120,'Staryu',34.5,0.8),(121,'Starmie',80,1.1),(122,'Mr. Mime',54.5,1.3),(123,'Scyther',56,1.5),(124,'Jynx',40.6,1.4),(125,'Electabuzz',30,1.1),(126,'Magmar',44.5,1.3),(127,'Pinsir',55,1.5),(128,'Tauros',88.4,1.4),(129,'Magikarp',10,0.9),(130,'Gyarados',235,6.5),(131,'Lapras',220,2.5),(132,'Ditto',4,0.3),(133,'Eevee',6.5,0.3),(134,'Vaporeon',29,1),(135,'Jolteon',24.5,0.8),(136,'Flareon',25,0.9),(137,'Porygon',36.5,0.8),(138,'Omanyte',7.5,4),(139,'Omastar',35,1),(140,'Kabuto',11.5,0.5),(141,'Kabutops',40.5,1.3),(142,'Aerodactyl',59,1.8),(143,'Snorlax',460,2.1),(144,'Articuno',55.4,1.7),(145,'Zapdos',52.6,1.6),(146,'Moltres',60,2),(147,'Dratini',3.3,1.8),(148,'Dragonair',16.5,4),(149,'Dragonite',210,2.2),(150,'Mewtwo',122,2),(151,'Mew',4,0.4);


--

--
-- Table structure for table `estadisticas_base`
--

DROP TABLE IF EXISTS `estadisticas_base`;

CREATE TABLE `estadisticas_base` (
  `numero_pokedex` int NOT NULL,
  `ps` int NOT NULL,
  `ataque` int NOT NULL,
  `defensa` int NOT NULL,
  `especial` int NOT NULL,
  `velocidad` int NOT NULL,
  PRIMARY KEY (`numero_pokedex`),
  CONSTRAINT `estadisticas_base_ibfk_1` FOREIGN KEY (`numero_pokedex`) REFERENCES `pokemon` (`numero_pokedex`)
);

--
-- Dumping data for table `estadisticas_base`
--

INSERT INTO `estadisticas_base` (`numero_pokedex`, `ps`, `ataque`, `defensa`, `especial`, `velocidad`) VALUES (1,45,49,49,65,45),(2,60,62,63,80,60),(3,80,82,83,100,80),(4,39,52,43,55,65),(5,58,64,58,73,80),(6,78,84,78,97,100),(7,44,48,65,57,43),(8,59,63,80,73,58),(9,79,83,100,95,78),(10,45,30,35,20,45),(11,50,20,55,25,30),(12,60,45,50,80,70),(13,40,35,30,20,50),(14,45,25,50,25,35),(15,65,80,40,63,75),(16,40,45,40,35,56),(17,63,60,55,50,71),(18,83,80,75,70,91),(19,30,56,35,30,72),(20,55,81,60,60,97),(21,40,60,30,31,70),(22,65,90,65,61,100),(23,35,60,44,47,55),(24,60,85,69,65,79),(25,35,55,30,45,90),(26,60,90,55,85,100),(27,50,75,85,25,40),(28,75,100,110,50,65),(29,55,47,52,40,41),(30,70,62,67,55,56),(31,90,82,87,80,76),(32,46,57,40,40,50),(33,61,72,57,55,65),(34,81,82,77,80,85),(35,70,45,48,63,35),(36,95,70,73,87,60),(37,38,41,40,57,65),(38,73,76,75,91,100),(39,115,45,20,30,20),(40,140,70,45,63,45),(41,40,45,35,35,55),(42,75,80,70,70,90),(43,45,50,55,70,30),(44,60,65,70,80,40),(45,75,80,85,95,50),(46,35,70,55,50,25),(47,60,95,80,70,30),(48,60,55,50,47,45),(49,70,65,60,83,90),(50,10,55,25,40,95),(51,35,80,50,60,120),(52,40,45,35,40,90),(53,65,70,60,65,115),(54,50,52,48,57,55),(55,80,82,78,87,85),(56,40,80,35,40,70),(57,65,105,60,65,95),(58,55,70,45,60,60),(59,90,110,80,90,95),(60,45,49,49,65,45),(61,65,65,65,50,90),(62,90,85,95,80,70),(63,25,20,15,80,90),(64,40,35,30,95,105),(65,55,50,45,110,120),(66,70,80,50,35,35),(67,80,100,70,55,45),(68,90,130,80,75,55),(69,50,75,35,50,40),(70,65,90,50,65,40),(71,80,105,65,80,70),(72,40,40,35,75,70),(73,80,70,65,100,100),(74,40,80,100,30,20),(75,55,95,115,45,35),(76,80,110,130,60,45),(77,50,85,55,65,90),(78,65,100,70,80,105),(79,90,65,65,80,15),(80,95,75,110,90,30),(81,25,35,70,75,45),(82,50,60,95,95,70),(83,52,65,55,60,60),(85,60,110,70,60,100),(86,65,45,55,58,45),(87,90,70,80,83,70),(88,80,80,50,45,25),(89,105,105,75,83,50),(90,30,65,100,35,40),(91,50,95,180,65,70),(92,30,35,30,68,80),(93,45,50,45,85,95),(94,60,65,60,103,110),(95,35,45,160,37,70),(96,60,48,45,67,42),(97,85,73,70,94,67),(98,30,105,90,25,50),(99,55,130,115,50,75),(100,40,30,50,55,100),(101,60,50,70,80,140),(102,60,40,80,53,40),(103,95,95,85,95,55),(104,50,50,95,55,35),(105,60,80,110,65,45),(106,50,120,53,73,87),(107,50,105,79,73,76),(108,90,55,75,67,30),(109,40,65,95,53,35),(110,65,90,120,77,60),(111,80,85,95,30,25),(112,105,130,120,45,40),(113,250,5,5,70,50),(114,65,55,115,70,60),(115,105,95,80,60,90),(116,30,40,70,48,60),(117,55,65,95,70,85),(118,45,67,60,43,63),(119,80,92,65,72,68),(120,30,45,55,63,85),(121,60,75,85,93,115),(122,40,45,65,110,90),(123,70,110,80,68,105),(124,65,50,35,105,95),(125,65,83,57,95,105),(126,65,95,57,90,105),(127,65,125,100,63,85),(128,75,100,95,55,110),(129,20,10,55,17,80),(130,95,125,79,80,81),(131,130,85,80,90,60),(132,48,48,48,48,48),(133,55,55,50,55,55),(134,130,65,60,103,65),(135,65,65,60,103,130),(136,65,130,60,103,65),(137,65,60,70,80,40),(138,35,40,100,73,35),(139,70,60,125,93,55),(140,30,80,90,50,55),(141,60,115,105,67,80),(142,80,105,65,67,130),(143,160,110,65,88,30),(144,90,85,100,110,85),(145,90,90,85,83,100),(146,90,100,90,105,90),(147,41,64,45,50,50),(148,61,84,65,70,70),(149,91,134,95,100,80),(150,106,110,90,122,130),(151,100,100,100,100,100);


--
-- Table structure for table `evoluciona_de`
--

DROP TABLE IF EXISTS `evoluciona_de`;
CREATE TABLE `evoluciona_de` (
  `pokemon_evolucionado` int NOT NULL,
  `pokemon_origen` int NOT NULL,
  PRIMARY KEY (`pokemon_evolucionado`,`pokemon_origen`),
  KEY `pokemon_origen` (`pokemon_origen`),
  CONSTRAINT `evoluciona_de_ibfk_1` FOREIGN KEY (`pokemon_evolucionado`) REFERENCES `pokemon` (`numero_pokedex`),
  CONSTRAINT `evoluciona_de_ibfk_2` FOREIGN KEY (`pokemon_origen`) REFERENCES `pokemon` (`numero_pokedex`)
);

--
-- Dumping data for table `evoluciona_de`
--

INSERT INTO `evoluciona_de` (`pokemon_evolucionado`, `pokemon_origen`) VALUES (2,1),(3,2),(5,4),(6,5),(5,6),(8,7),(9,8),(11,10),(12,11),(14,13),(15,14),(17,16),(18,17),(20,19),(22,21),(24,23),(26,25),(28,27),(30,29),(31,30),(33,32),(34,33),(36,35),(38,37),(40,39),(42,41),(44,43),(45,44),(47,46),(49,48),(51,50),(53,52),(55,54),(57,56),(59,58),(61,60),(62,61),(64,63),(65,64),(67,66),(68,67),(70,69),(71,70),(73,72),(75,74),(76,75),(78,77),(80,79),(82,81),(85,84),(87,86),(89,88),(91,90),(93,92),(94,93),(97,96),(99,98),(101,100),(103,102),(105,104),(110,109),(112,111),(117,116),(119,118),(121,120),(130,129),(134,133),(135,133),(136,133),(139,138),(141,140),(148,147),(149,148);

--
-- Table structure for table `tipo_ataque`
--

DROP TABLE IF EXISTS `tipo_ataque`;

CREATE TABLE `tipo_ataque` (
  `id_tipo_ataque` int NOT NULL AUTO_INCREMENT,
  `tipo` varchar(8) NOT NULL,
  PRIMARY KEY (`id_tipo_ataque`)
);

INSERT INTO `tipo_ataque` (`id_tipo_ataque`, `tipo`) VALUES (1,'Físico'),(2,'Especial');

--
-- Table structure for table `tipo`
--

DROP TABLE IF EXISTS `tipo`;

CREATE TABLE `tipo` (
  `id_tipo` int NOT NULL AUTO_INCREMENT,
  `nombre` varchar(12) NOT NULL,
  `id_tipo_ataque` int NOT NULL,
  PRIMARY KEY (`id_tipo`),
  KEY `id_tipo_ataque` (`id_tipo_ataque`),
  CONSTRAINT `tipo_ibfk_1` FOREIGN KEY (`id_tipo_ataque`) REFERENCES `tipo_ataque` (`id_tipo_ataque`)
);

--
-- Dumping data for table `tipo`
--

INSERT INTO `tipo` (`id_tipo`, `nombre`, `id_tipo_ataque`) VALUES (1,'Agua',2),(2,'Bicho',1),(3,'Dragón',2),(4,'Eléctrico',2),(5,'Fantasma',1),(6,'Fuego',2),(7,'Hielo',2),(8,'Lucha',1),(9,'Normal',1),(10,'Planta',2),(11,'Psíquico',2),(12,'Roca',1),(13,'Tierra',1),(14,'Veneno',1),(15,'Volador',1),(16,'Informático',2);



--
-- Table structure for table `pokemon_tipo`
--

DROP TABLE IF EXISTS `pokemon_tipo`;

CREATE TABLE `pokemon_tipo` (
  `numero_pokedex` int NOT NULL,
  `id_tipo` int NOT NULL,
  PRIMARY KEY (`numero_pokedex`,`id_tipo`),
  KEY `id_tipo` (`id_tipo`),
  CONSTRAINT `pokemon_tipo_ibfk_1` FOREIGN KEY (`numero_pokedex`) REFERENCES `pokemon` (`numero_pokedex`),
  CONSTRAINT `pokemon_tipo_ibfk_2` FOREIGN KEY (`id_tipo`) REFERENCES `tipo` (`id_tipo`)
);

--
-- Dumping data for table `pokemon_tipo`
--


INSERT INTO `pokemon_tipo` (`numero_pokedex`, `id_tipo`) VALUES (7,1),(8,1),(9,1),(54,1),(55,1),(60,1),(61,1),(62,1),(72,1),(73,1),(79,1),(80,1),(86,1),(87,1),(90,1),(91,1),(98,1),(99,1),(116,1),(117,1),(118,1),(119,1),(120,1),(121,1),(129,1),(130,1),(131,1),(134,1),(138,1),(139,1),(140,1),(141,1),(10,2),(11,2),(12,2),(13,2),(14,2),(15,2),(46,2),(47,2),(48,2),(49,2),(123,2),(127,2),(147,3),(148,3),(149,3),(25,4),(26,4),(81,4),(82,4),(100,4),(101,4),(125,4),(135,4),(145,4),(92,5),(93,5),(94,5),(4,6),(5,6),(6,6),(37,6),(38,6),(58,6),(59,6),(77,6),(78,6),(126,6),(136,6),(146,6),(86,7),(87,7),(91,7),(124,7),(131,7),(144,7),(56,8),(57,8),(62,8),(66,8),(67,8),(68,8),(106,8),(107,8),(16,9),(17,9),(18,9),(19,9),(20,9),(21,9),(22,9),(35,9),(36,9),(39,9),(40,9),(52,9),(53,9),(83,9),(84,9),(85,9),(108,9),(113,9),(115,9),(128,9),(132,9),(133,9),(137,9),(143,9),(1,10),(2,10),(3,10),(43,10),(44,10),(45,10),(46,10),(47,10),(69,10),(70,10),(71,10),(102,10),(103,10),(114,10),(63,11),(79,11),(80,11),(96,11),(97,11),(102,11),(103,11),(121,11),(122,11),(124,11),(150,11),(151,11),(64,12),(74,12),(75,12),(76,12),(95,12),(111,12),(112,12),(138,12),(139,12),(140,12),(141,12),(142,12),(27,13),(28,13),(31,13),(34,13),(50,13),(51,13),(65,13),(74,13),(75,13),(76,13),(95,13),(104,13),(105,13),(111,13),(112,13),(1,14),(2,14),(3,14),(13,14),(14,14),(15,14),(23,14),(24,14),(29,14),(30,14),(31,14),(32,14),(33,14),(34,14),(41,14),(42,14),(43,14),(44,14),(45,14),(48,14),(49,14),(69,14),(70,14),(71,14),(72,14),(73,14),(88,14),(89,14),(92,14),(93,14),(94,14),(109,14),(110,14),(6,15),(12,15),(16,15),(17,15),(18,15),(21,15),(22,15),(41,15),(42,15),(83,15),(84,15),(85,15),(123,15),(130,15),(142,15),(144,15),(145,15),(146,15),(149,15);
